<?xml version="1.0" encoding="UTF-8"?>
<layout version="0.2">
    <title>이온디 공식 레이아웃</title>
	<description>
		이온디 공식 레이아웃입니다.
    </description>
	<version>1.2</version>
    <date>2010-11-28</date>
	<link>http://eond.com</link>
    <author email_address="eond@eond.com" link="http://eond.com">
        <name>이온디</name>
    </author>

    <menus>
        <menu name="main_menu" default="true">
            <title>상단 메뉴</title>
            <maxdepth>2</maxdepth>
        </menu>
        <menu name="bottom_menu">
            <title>하단 메뉴</title>
            <maxdepth>1</maxdepth>
        </menu>
		<menu name="family_site">
            <title>패밀리 사이트</title>
            <maxdepth>1</maxdepth>
        </menu>
    </menus>
	
	<extra_vars>

	<var name="title_layout"><title> [Ⅰ. 레이아웃 설정]</title></var>

	<var name="colorset" type="select">
            <title>① 컬러셋</title>
			<options value="default">
                <title>기본</title>
            </options>
			<options value="yg">
                <title>연두</title>
            </options>
			<options value="pink">
                <title>핑크</title>
            </options>
			<options value="orange">
                <title>주황</title>
            </options>
			<options value="blue">
                <title>파랑</title>
            </options>
			<options value="naver">
                <title>네이버 그린</title>
            </options>
			<options value="nate">
                <title>네이트 빨강</title>
            </options>
			<options value="daum">
                <title>다음 블루</title>
            </options>
			<options value="paran">
                <title>파란 블루</title>
            </options>
		</var>
	<var name="searchbox_color" type="text">
		<title>┗ 검색박스 컬러</title>
		<description>검색박스 테두리 색깔을 #000000 형식으로 입력하세요. 기본값은 #88EEFF 입니다.</description>
	</var>

	<var name="menubar_bg" type="image">
		<title>┗ 메뉴바 배경이미지 지정</title>
		<description>메뉴바의 배경이미지를 지정할 수 있습니다.</description>
	</var>

	<var name="column" type="select">
            <title>② 칼럼 정렬</title>
            <options value="default">
                <title>본문 | 칼럼</title>
            </options>
			<options value="ec">
				<title>칼럼 | 본문</title>
			</options>
			<options value="c">
				<title>본문</title>
			</options>
			<options value="ece">
				<title>확장(1) , 컨텐츠 , 확장(2)</title>
			</options>
		</var>

	<var name="bodywidth" type="text">
            <title>③ 전체 너비</title>
			<description>전체 너비를 지정할 수 있습니다. 본문|칼럼(또는 칼럼|본문)일 경우 880 또는 920이 적당합니다. 칼럼|본문|위젯의 경우 전체 폭은 1120이 적당합니다.</description>
        </var>
		
	

     <var name="width" type="text">
            <title>④ 칼럼 너비</title>
            <description>로그인버튼 사이즈 관계로 적정너비는 200 / 220 / 250입니다. (최소적정:200, 기본:250)</description>
        </var>

	<var name="nav_display" type="select">
            <title>⑤ 상단 사이트바 출력</title>
            <options value="yes">
                <title>출력 함</title>
            </options>
			<options value="no">
				<title>출력 안함</title>
			</options>
		</var>
		<var name="nav" type="text">
            <title>┗ 사이트바 대체 위젯</title>
			<description>사이트 상단에 다른 사이트바를 출력할 수 있습니다. 입력시 기본 사이트바에서 대체됩니다. 아무 것도 입력하지 않으면 기본 사이트바가 보여집니다.</description>
        </var>
		
		<var name="title_site"><title> [Ⅱ. 사이트 설정]</title></var>
		<var name="logo_image" type="image">
            <title>① 로고이미지</title>
            <description>레이아웃의 상단에 표시될 로고이미지를 입력하세요. 반드시 본인의 로고를 입력하세요. 본 레이아웃은 로고이미지 입력이 필수항목입니다.</description>
        </var>
		<var name="logo_alt" type="text">
            <title>┗ 로고 이미지 alt</title>
            <description>로고 이미지 alt 명을 입력해 주세요.</description>
        </var>
        <var name="index_url" type="text">
            <title>② 홈페이지 URL</title>
            <description>로고를 클릭시에 이동할 홈페이지 URL을 입력해 주세요. (※주의:로고이미지를 등록하지 않을 경우 기본 url은 제작사 사이트인 이온디로 연결됩니다.)</description>
		</var>
	   
		<var name="background_image" type="image">
            <title>③ 배경 이미지</title>
            <description>배경 이미지를 사용하시려면 등록해주세요.</description>
        </var>
       <var name="copyright" type="image">
            <title>④ 사이트 카피라이트 이미지</title>
            <description>레이아웃 하단의 텍스트 카피라이트 대신 이미지 카피라이트를 출력합니다.</description>
        </var>
		<var name="copyright_alt" type="text">
            <title>┗ 카피라이트 이미지 alt</title>
            <description>카피라이트 이미지 alt 명을 입력해 주세요.</description>
        </var>
		<var name="rss_url" type="text">
            <title>⑤ 외부RSS URL</title>
            <description>외부 RSS URL을 입력해주세요. 공백시 기본 RSS URL로 적용됩니다.</description>
        </var>
		
		
		

		
		

		<var name="wdg_title"><title> [Ⅲ. 위젯 설정]</title></var>
		<var name="widget_login" type="text">
            <title>① 로그인 대체 위젯</title>
			<description>기본 로그인 위젯 대신 다른 위젯을 사용하고 싶으면 이 곳에 위젯 코드를 삽입해주세요. 입력하지 않으면 기본 로그인 위젯이 출력됩니다. 기본 로그인 위젯의 최소 넓이는 200px입니다.</description>
        </var>
        <var name="widget_top" type="textarea">
            <title>② 사이트바 위젯</title>
			<description>레이아웃 최상단 왼쪽에 삽입되는 위젯입니다. 간단한 알림말 등을 삽입할 수 있습니다.</description>
        </var>
        <var name="widget_1_title" type="text">
            <title>③ 칼럼위젯1 타이틀</title>
        </var>
        <var name="widget_1" type="textarea">
            <title>┗ 태그 내용</title>
			<description>한 칸에 모든 위젯을 삽입해도 됩니다.</description>
        </var>
        <var name="widget_2_title" type="text">
            <title>④ 칼럼위젯2 타이틀</title>
        </var>
        <var name="widget_2" type="textarea">
            <title>┗  태그 내용</title>
        </var>
        <var name="widget_3_title" type="text">
            <title>⑤ 칼럼위젯3 타이틀</title>
        </var>
        <var name="widget_3" type="textarea">
            <title>┗  태그 내용</title>
        </var>
        <var name="widget_4_title" type="text">
            <title>⑥ 칼럼위젯4 타이틀</title>
        </var>
        <var name="widget_4" type="textarea">
            <title>┗ 태그 내용</title>
        </var>
        <var name="widget_5_title" type="text">
            <title>⑦ 칼럼위젯5 타이틀</title>
        </var>
        <var name="widget_5" type="textarea">
            <title>┗ 태그 내용</title>
        </var>

		<var name="title_banner"><title> [Ⅳ. 배너 설정]</title></var>

		<var name="sky_banner" type="image">
            <title>① 스카이 배너</title>
            <description>레이아웃 좌측 스카이 배너에 등록될 이미지를 입력하세요. (가로 70px 세로 110px)</description>
        </var>
        <var name="sky_alt" type="text">
            <title>┗ 스카이 배너 대체 텍스트</title>
            <description>스카이 배너 이미지 alt 명을 입력해 주세요.</description>
        </var>
		<var name="sky_url" type="text">
            <title>┗ 스카이 배너 URL</title>
            <description>스카이 배너 클릭시에 이동할 홈 페이지 URL을 입력해 주세요.</description>
        </var>
		<var name="sky_target" type="select">
            <title>┗ 스카이 배너 새창여부</title>
			<options value="no" default="true">
			<title>사용안함</title>
			</options>
			<options value="yes">
			<title>사용함</title>
			</options>
            <description>로고 이미지 target을 설정해 주세요. ex)새창일경우 사용함 선택</description>
        </var>
		<var name="adsense_skyscraper_right" type="textarea">
            <title>② 구글 애드센스 스카이스크래퍼(오른쪽)</title>
        </var>
		<var name="adsense_skyscraper_left" type="textarea">
            <title>③ 구글 애드센스 스카이스크래퍼(왼쪽)</title>
        </var>
        
    </extra_vars>

</layout>
