<?xml version="1.0" encoding="utf-8"?>
<layout version="0.1">
    <title xml:lang="ko">이온디 네비게이션</title>
    <author email_address="eond@eond.com" link="http://eond.com" date="080720">
        <name xml:lang="ko">정낙훈</name>
        <description xml:lang="ko">
            네비게이션을 나타내는 레이아웃입니다.
        </description>
    </author>
    <date>2005-08-01</date>
    <menus>
        <menu name="navi_menu">
            <title xml:lang="ko">네이게이션 메뉴 </title>
            <title xml:lang="en">Navigation menu</title>
            <maxdepth>1</maxdepth>
        </menu>
</layout>