<?xml version="1.0" encoding="UTF-8"?>
<layout version="0.2">
    <title xml:lang="ko">Elkha - FGE</title>
    <title xml:lang="jp">Elkha - FGE</title>
    <title xml:lang="en">Elkha - FGE</title>
    <description xml:lang="ko">
        디자인 : FGE
        HTML/CSS : 엘카
        연습용으로 제작한 레이아웃입니다.
        http://www.fge-carbone.com/ 사이트를 참조하였습니다.
    </description>
    <description xml:lang="en">
        Design : FGE
        HTML/CSS : Elkha
    </description>
    <version>1.2</version>
    <date>2009-01-30</date>
    <link>http://notepad.wo.tc</link>
    <author email_address="elkha1914@hotmail.com" link="http://notepad.wo.tc">
        <name xml:lang="ko">Elkha</name>
        <name xml:lang="jp">Elkha</name>
        <name xml:lang="en">Elkha</name>
    </author>
    <extra_vars>
		<var name="logo_image" type="image">
            <title xml:lang="ko">로고이미지</title>
            <title xml:lang="jp">ロゴイメ?ジ</title>
            <title xml:lang="zh-CN">LOGO?片</title>
            <title xml:lang="en">Logo image</title>
						<title xml:lang="ge">Logobildes</title>
						<title xml:lang="ru">Изображения логотипа</title>
            <title xml:lang="es">Imagen del logotipo</title>
            <description xml:lang="ko">레이아웃의 상단에 표시될 로고이미지를 입력하세요. (width:500px, height:98px)</description>
            <description xml:lang="jp">レイアウトの上段に表示されるロゴイメ?ジを入力してください。 (width:500px, height:98px)</description>
            <description xml:lang="zh-CN">??入?示在布局?部的LOGO?片。(width:500px, height:98px)</description>
            <description xml:lang="en">Please input a logo image which will be displayed on the top of layout. (width:500px, height:98px)</description>
						<description xml:lang="ge">Bitte geben Sie ein Logo das Bild wird auf dem oberen Layout. (width:500px, height:98px)</description>
						<description xml:lang="ru">Введите логотип изображение, которое будет отображаться в верхней части формы. (width:500px, height:98px)</description>
            <description xml:lang="es">Ingresar una imagen para logotipo. (width:500px, height:98px)</description>
        </var>
        <var name="index_name" type="text">
            <title xml:lang="ko">사이트 제목</title>
            <title xml:lang="jp">Site Name</title>
            <title xml:lang="zh-CN">Site Name</title>
            <title xml:lang="en">Site Name</title>
						<title xml:lang="ru">Site Name</title>
            <title xml:lang="es">Site Name</title>
            <description xml:lang="ko">사이트 제목을 입력해주세요.</description>
            <description xml:lang="jp">Please input a name that your site.</description>
            <description xml:lang="zh-CN">Please input a name that your site.</description>
            <description xml:lang="en">Please input a name that your site.</description>
						<description xml:lang="ru">Please input a name that your site.</description>
            <description xml:lang="es">Please input a name that your site.</description>
        </var>
        <var name="index_url" type="text">
            <title xml:lang="ko">홈 페이지 URL</title>
            <title xml:lang="jp">ホ?ムペ?ジURL</title>
            <title xml:lang="zh-CN">主?地址</title>
            <title xml:lang="en">Homepage URL</title>
						<title xml:lang="ge">Homepage URL</title>
						<title xml:lang="ru">Домашняя страница URL</title>
            <title xml:lang="es">URL de la pagina web</title>
            <description xml:lang="ko">로고를 클릭시에 이동할 홈 페이지 URL을 입력해 주세요.</description>
            <description xml:lang="jp">ロゴをクリックした時に移動するホ?ムペ?ジのURLを入力してください。</description>
            <description xml:lang="zh-CN">点??站LOGO?要移?的?面URL。</description>
            <description xml:lang="en">Please input the URL to redirect when user clicks the logo</description>
						<description xml:lang="ge">Bitte geben Sie die URL umzuleiten, wenn Benutzer klickt das Logo</description>
						<description xml:lang="ru">Пожалуйста, введите URL для перенаправления, когда пользователь нажимает логотип</description>
            <description xml:lang="es">Ingresar el URL de la pagina web para redireccionar al pulsar el logotipo</description>
       </var>
        <var name="left_bottom" type="text">
            <title xml:lang="ko">좌하단 문구</title>
            <title xml:lang="jp">Left bottom text</title>
            <title xml:lang="zh-CN">Left bottom text</title>
            <title xml:lang="en">Left bottom text</title>
						<title xml:lang="ge">Left bottom text</title>
						<title xml:lang="ru">Left bottom text</title>
            <title xml:lang="es">Left bottom text</title>
       </var>
    </extra_vars>
    <menus>
        <menu name="main_menu" default="true">
            <title xml:lang="ko">메인 좌측 메뉴</title>
            <title xml:lang="jp">Main right menu</title>
            <title xml:lang="zh-CN">Main right menu</title>
            <title xml:lang="en">Main right menu</title>
						<title xml:lang="ge">Main right menu</title>
						<title xml:lang="ru">Main right menu</title>
            <title xml:lang="es">Main right menu</title>
            <maxdepth>2</maxdepth>
        </menu>
        <menu name="bottom_menu">
            <title xml:lang="ko">상단 서브 메뉴</title>
            <title xml:lang="jp">Top sub menu</title>
            <title xml:lang="zh-CN">Top sub menu</title>
            <title xml:lang="en">Top sub menu</title>
						<title xml:lang="ge">BTop sub menu</title>
						<title xml:lang="ru">Top sub menu</title>
            <title xml:lang="es">Top sub menu</title>
            <maxdepth>1</maxdepth>
        </menu>
    </menus>
</layout>
