<?xml version="1.0" encoding="UTF-8"?>
<layout version="0.2">
    <title>이온디 네트웍스 레이아웃</title>
	<description>
		이온디 네트웍스 레이아웃입니다.
    </description>
	<version>0.1</version>
    <date>2011-05-18</date>
	<link>http://eond.com</link>
    <author email_address="eond@eond.com" link="http://eond.com">
        <name>이온디</name>
    </author>

    <menus>
        <menu name="main_menu" default="true">
            <title>메인 메뉴</title>
            <maxdepth>2</maxdepth>
        </menu>
    </menus>
	
	<extra_vars>
	<var name="logo_image" type="image">
		<title>로고이미지</title>
		<description>레이아웃의 상단에 표시될 로고이미지를 입력하세요. 반드시 본인의 로고를 입력하세요. 본 레이아웃은 로고이미지 입력이 필수항목입니다.</description>
	</var>
	<var name="logo_alt" type="text">
		<title>로고 이미지 alt</title>
		<description>로고 이미지 alt 명을 입력해 주세요.</description>
	</var>
	<var name="index_url" type="text">
		<title>홈페이지 URL</title>
		<description>로고를 클릭시에 이동할 홈페이지 URL을 입력해 주세요. (※주의:로고이미지를 등록하지 않을 경우 기본 url은 제작사 사이트인 이온디로 연결됩니다.)</description>
	</var>
	<var name="head_bg" type="image">
		<title>헤더 배경이미지</title>
		<description>헤더의 배경이미지를 지정할 수 있습니다.</description>
	</var>
	<var name="bgcolor" type="text">
		<title>전경 배경색</title>
		<description>기본 : #555555</description>
	</var>
	<var name="content_bgcolor" type="text">
		<title>본문 배경색</title>
		<description>기본 : #555555</description>
	</var>
	<var name="position" type="select">
		<title>레이아웃 위치</title>
		<options value="left"><title>왼쪽 정렬</title></options>
		<options value="center"><title>가운데 정렬</title></options>
	</var>
	<var name="width" type="text">
		<title>레이아웃 넓이</title>
		<description>기본 : 751</description>
	</var>  
    </extra_vars>

</layout>
