<?xml version="1.0" encoding="UTF-8"?>
<layout version="0.2">
    <title xml:lang="ko">이온디 마이노트 레이아웃</title>
    <title xml:lang="jp">EOND MyNote Layout</title>
    <title xml:lang="en">EOND MyNote Layout</title>
    <title xml:lang="ge">EOND MyNote Layout</title>
    <title xml:lang="ru">EOND MyNote Layout</title>
    <title xml:lang="es">EOND MyNote Layout</title>
    <title xml:lang="zh-CN">EOND MyNote Layout</title>
    <title xml:lang="zh-TW">EOND MyNote Layout</title>
    <description xml:lang="ko">
        이온디 마이노트 레이아웃입니다.
        디자인 : 정낙훈
        퍼블리싱 : 정낙훈
        레이아웃 제작 : 정낙훈
    </description>
    <description xml:lang="jp">
        XEのオフィシャルサイトのレイアウトです。
        デザイン：イ ソラ
        パブリシング：ジョン チャンミョン
        レイアウト作成：Zero
    </description>
    <description xml:lang="en">
        This layout is the XE Official website layout.
        Designer : So-Ra Lee
        HTML/CSS : Chan-Myung Jeong
        Layout producer : zero
    </description>
    <description xml:lang="ge">
        Dieses Layout ist das XE Offizielle Website-Layout.
         Designer: So-Ra Lee
         HTML / CSS: Chan-Myung Jeong
         Layout Hersteller: Zero
    </description>
    <description xml:lang="ru">
        Этот формат является XE Официальный сайт компоновку.
         Дизайнер: So-Ra Lee
         HTML / CSS: Chan-Myung Jeong
         Макет производителя: ноль
    </description>
    <description xml:lang="es">
        Este diseño is el diseño oficial de la página web de Zerobard XE.
        Deseñador : So-Ra Lee
        HTML/CSS : Chan-Myung Jeong
        Productor del diseño : zero
    </description>
    <description xml:lang="zh-CN">
        XE官方网站布局。
        设计 : So-Ra Lee
        HTML/CSS : Chan-Myung Jeong
        布局 : zero
    </description>
    <description xml:lang="zh-TW">
        XE官方網站版面。
        設計 : So-Ra Lee
        HTML/CSS : Chan-Myung Jeong
        版面設計 : zero
    </description>
    <version>0.2</version>
    <date>2009-01-04~2009-02-24</date>

    <author email_address="eond@eond.com" link="http://eond.com">
        <name xml:lang="ko">정낙훈</name>
    </author>

    <extra_vars>
        <var name="colorset" type="select">
            <title xml:lang="ko">컬러셋</title>
            <title xml:lang="jp">カラーセット</title>
            <title xml:lang="zh-CN">颜色</title>
            <title xml:lang="zh-TW">顏色設定</title>
            <title xml:lang="en">Colorset</title>
            <title xml:lang="ge">Colorset</title>
            <title xml:lang="ru">Colorset</title>
            <title xml:lang="es">Set de colores</title>
            <description xml:lang="ko">원하시는 컬러셋을 선택해주세요.</description>
            <description xml:lang="jp">希望するカラーセットを選択してください。</description>
            <description xml:lang="zh-CN">请选择颜色。</description>
            <description xml:lang="zh-TW">請選擇顏色。</description>
            <description xml:lang="en">Please select a colorset you want.</description>
            <description xml:lang="ge">Bitte wählen Sie ein colorset Sie wollen.</description>
            <description xml:lang="ru">Выберите colorset хотите.</description>
            <description xml:lang="es">Seleccione set de colores que desea.</description>
            <options value="default">
                <title xml:lang="ko">기본</title>
                <title xml:lang="jp">デフォルト</title>
                <title xml:lang="en">Basic</title>
                <title xml:lang="ge">Basic</title>
                <title xml:lang="ru">Базовые</title>
                <title xml:lang="es">Básico</title>
                <title xml:lang="zh-CN">默认</title>
                <title xml:lang="zh-TW">預設</title>
            </options>
            <options value="black">
                <title xml:lang="ko">검은색</title>
                <title xml:lang="jp">黒</title>
                <title xml:lang="en">Black</title>
                <title xml:lang="ge">Schwarz</title>
                <title xml:lang="ru">Черного</title>
                <title xml:lang="es">Negro</title>
                <title xml:lang="zh-CN">黑色</title>
                <title xml:lang="zh-TW">黑色</title>
            </options>
            <options value="white">
                <title xml:lang="ko">하얀색</title>
                <title xml:lang="jp">白</title>
                <title xml:lang="en">white</title>
                <title xml:lang="ge">weiß</title>
                <title xml:lang="ru">белый</title>
                <title xml:lang="es">Blanco</title>
                <title xml:lang="zh-CN">白色</title>
                <title xml:lang="zh-TW">白色</title>
            </options>
        </var>
        <var name="logo_image" type="image">
            <title xml:lang="ko">로고이미지</title>
            <title xml:lang="jp">ロゴイメージ</title>
            <title xml:lang="zh-CN">LOGO图片</title>
            <title xml:lang="zh-TW">LOGO圖片</title>
            <title xml:lang="en">Logo image</title>
            <title xml:lang="ge">Logobildes</title>
            <title xml:lang="ru">Изображения логотипа</title>
            <title xml:lang="es">Imagen del logotipo</title>
            <description xml:lang="ko">레이아웃의 상단에 표시될 로고이미지를 입력하세요. (세로길이가 23px인 투명이미지가 가장 어울립니다)</description>
            <description xml:lang="jp">レイアウトの上段に表示されるロゴイメージを入力してください。 (縦幅が23pxである透明イメージが最も合います。)</description>
            <description xml:lang="zh-CN">请输入显示在布局顶部的LOGO图片。(高度为23px的透明图片为适。)</description>
            <description xml:lang="zh-TW">請輸入在版面上端要顯示的LOGO圖片。(適當高度為23px的透明圖片。)</description>
            <description xml:lang="en">Please input a logo image which will be displayed on the top of layout. (Transparent image with height of 23px is recommended.)</description>
            <description xml:lang="ge">Bitte geben Sie ein Logo das Bild wird auf dem oberen Layout. (Transparent Bild mit einer Höhe von 23px wird empfohlen).</description>
            <description xml:lang="ru">Введите логотип изображение, которое будет отображаться в верхней части формы. (Прозрачный изображение с высотой 23px рекомендуется.)</description>
            <description xml:lang="es">Ingresar una imagen para logotipo. ( Se recomienda una imagen de fondo transparente con una altura de 23px.</description>
        </var>
        <var name="index_url" type="text">
            <title xml:lang="ko">홈 페이지 URL</title>
            <title xml:lang="jp">ホームページURL</title>
            <title xml:lang="zh-CN">主页地址</title>
            <title xml:lang="zh-TW">主頁網址</title>
            <title xml:lang="en">Homepage URL</title>
            <title xml:lang="ge">Homepage URL</title>
            <title xml:lang="ru">Домашняя страница URL</title>
            <title xml:lang="es">URL de la página web</title>
            <description xml:lang="ko">로고를 클릭시에 이동할 홈 페이지 URL을 입력해 주세요.</description>
            <description xml:lang="jp">ロゴをクリックした時に移動するホームページのURLを入力してください。</description>
            <description xml:lang="zh-CN">点击网站LOGO时要移动的页面URL。</description>
            <description xml:lang="zh-TW">請輸入當用戶按了網站LOGO後，要前往的頁面網址。</description>
            <description xml:lang="en">Please input the URL to redirect when user clicks the logo</description>
            <description xml:lang="ge">Bitte geben Sie die URL umzuleiten, wenn Benutzer klickt das Logo</description>
            <description xml:lang="ru">Пожалуйста, введите URL для перенаправления, когда пользователь нажимает логотип</description>
            <description xml:lang="es">Ingresar el URL de la página web para redireccionar al pulsar el logotipo</description>
             </var>
        <var name="background_image" type="image">
            <title xml:lang="ko">배경 이미지</title>
            <title xml:lang="jp">背景イメージ</title>
            <title xml:lang="zh-CN">背景图片</title>
            <title xml:lang="zh-TW">背景圖片</title>
            <title xml:lang="en">Background Image</title>
            <title xml:lang="ge">Hintergrundbild</title>
            <title xml:lang="ru">Фоновое изображение</title>
            <title xml:lang="es">Imagen de fondo</title>
            <description xml:lang="ko">배경 이미지를 사용하시려면 등록해주세요.</description>
            <description xml:lang="jp">背景イメージを使う場合は、登録してください。</description>
            <description xml:lang="zh-CN">要想使用背景图片请在这里上传。</description>
            <description xml:lang="zh-TW">請在這裡上傳想要使用的背景圖片。</description>
            <description xml:lang="en">Please input if you want to use background image.</description>
            <description xml:lang="ge">Bitte geben Sie, wenn Sie verwenden wollen Hintergrundbild.</description>
            <description xml:lang="ru">Введите, если вы хотите использовать фоновое изображение.</description>
            <description xml:lang="es">Ingresar imagen de fondo si desea usar.</description>
        </var>
    </extra_vars>

    <menus>
		<menu name="site_menu" maxdepth="1" default="true">
            <title xml:lang="ko">사이트 메뉴</title>
            <title xml:lang="en">Site Menu</title>
			<description xml:lang="ko">사이트바에 등록하는 전역 메뉴입니다.</description>
            <description xml:lang="en">Please input if you want to use background image.</description>
        </menu>
        <menu name="main_menu" maxdepth="3" default="true">
            <title xml:lang="ko">상단 메뉴</title>
            <title xml:lang="jp">上段メニュー</title>
            <title xml:lang="zh-CN">主菜单</title>
            <title xml:lang="zh-TW">主選單</title>
            <title xml:lang="en">Top menu</title>
            <title xml:lang="ge">Top Menü</title>
            <title xml:lang="ru">Верхнее меню</title>
            <title xml:lang="es">Menú Principal</title>
        </menu>
        <menu name="bottom_menu" maxdepth="1">
            <title xml:lang="ko">하단 메뉴 </title>
            <title xml:lang="jp">下段メニュー</title>
            <title xml:lang="zh-CN">底部菜单</title>
            <title xml:lang="zh-TW">底部選單</title>
            <title xml:lang="en">Bottom menu</title>
            <title xml:lang="ge">Bottom-Menü</title>
            <title xml:lang="ru">Внизу меню</title>
            <title xml:lang="es">Menú Inferior </title>
        </menu>
    </menus>
</layout>
