<?xml version="1.0" encoding="UTF-8"?>
<layout version="1.0">
    <title xml:lang="ko">Elkha - Gray Style</title>
    <description xml:lang="ko">
        Design : http://www.joomlart.com/
        HTML/CSS : 김무건
        Layout producer : 김무건
    </description>
    <version>1.4.5</version>
    <date>2009-02-21</date>
    <link>http://notepad.wo.tc</link>
    <author email_address="elkha1914@hotmail.com" link="http://notepad.wo.tc">
        <name xml:lang="ko">김무건</name>
    </author>
    <extra_vars>
				<var name="colorset" type="select">
            <title xml:lang="ko">컬러셋</title>
            <title xml:lang="jp">カラ?セット</title>
            <title xml:lang="zh-CN">?色</title>
            <title xml:lang="en">Colorset</title>
            <title xml:lang="es">Set de colores</title>
            <options name="default">
                <title xml:lang="ko">Skyblue (default)</title>
                <title xml:lang="jp">Skyblue (default)</title>
                <title xml:lang="en">Skyblue (default)</title>
                <title xml:lang="es">Skyblue (default)</title>
                <title xml:lang="zh-CN">Skyblue (default)</title>
                <value>default</value>
            </options>
            <options name="red">
                <title xml:lang="ko">Red</title>
                <title xml:lang="jp">Red</title>
                <title xml:lang="en">Red</title>
                <title xml:lang="es">Red</title>
                <title xml:lang="zh-CN">Red</title>
                <value>red</value>
            </options>
            <options name="green">
                <title xml:lang="ko">Green</title>
                <title xml:lang="jp">Green</title>
                <title xml:lang="en">Green</title>
                <title xml:lang="es">Green</title>
                <title xml:lang="zh-CN">Green</title>
                <value>green</value>
            </options>
            <options name="orange">
                <title xml:lang="ko">Orange</title>
                <title xml:lang="jp">Orange</title>
                <title xml:lang="en">Orange</title>
                <title xml:lang="es">Orange</title>
                <title xml:lang="zh-CN">Orange</title>
                <value>orange</value>
            </options>
        </var>
    		<var name="logo_image" type="image">
            <title xml:lang="ko">로고이미지</title>
            <title xml:lang="jp">ロゴイメ?ジ</title>
            <title xml:lang="zh-CN">LOGO?片</title>
            <title xml:lang="en">Logo image</title>
						<title xml:lang="ge">Logobildes</title>
						<title xml:lang="ru">Изображения логотипа</title>
            <title xml:lang="es">Imagen del logotipo</title>
            <description xml:lang="ko">레이아웃의 상단에 표시될 로고이미지를 입력하세요. (width:500px, height:50px)</description>
            <description xml:lang="jp">レイアウトの上段に表示されるロゴイメ?ジを入力してください。 (width:500px, height:50px)</description>
            <description xml:lang="zh-CN">??入?示在布局?部的LOGO?片。(width:500px, height:50px)</description>
            <description xml:lang="en">Please input a logo image which will be displayed on the top of layout. (width:500px, height:50px)</description>
						<description xml:lang="ge">Bitte geben Sie ein Logo das Bild wird auf dem oberen Layout. (width:500px, height:50px)</description>
						<description xml:lang="ru">Введите логотип изображение, которое будет отображаться в верхней части формы. (width:500px, height:50px)</description>
            <description xml:lang="es">Ingresar una imagen para logotipo. (width:500px, height:50px)</description>
        </var>
        <var name="index_name" type="text">
            <title xml:lang="ko">사이트 제목</title>
            <title xml:lang="jp">Site Name</title>
            <title xml:lang="zh-CN">Site Name</title>
            <title xml:lang="en">Site Name</title>
						<title xml:lang="ru">Site Name</title>
            <title xml:lang="es">Site Name</title>
            <description xml:lang="ko">사이트 제목을 입력해주세요.</description>
            <description xml:lang="jp">Please input a name that your site.</description>
            <description xml:lang="zh-CN">Please input a name that your site.</description>
            <description xml:lang="en">Please input a name that your site.</description>
						<description xml:lang="ru">Please input a name that your site.</description>
            <description xml:lang="es">Please input a name that your site.</description>
        </var>
        <var name="index_url" type="text">
            <title xml:lang="ko">홈 페이지 URL</title>
            <title xml:lang="jp">ホ?ムペ?ジURL</title>
            <title xml:lang="zh-CN">主?地址</title>
            <title xml:lang="en">Homepage URL</title>
						<title xml:lang="ge">Homepage URL</title>
						<title xml:lang="ru">Домашняя страница URL</title>
            <title xml:lang="es">URL de la pagina web</title>
            <description xml:lang="ko">로고를 클릭시에 이동할 홈 페이지 URL을 입력해 주세요.</description>
            <description xml:lang="jp">ロゴをクリックした時に移動するホ?ムペ?ジのURLを入力してください。</description>
            <description xml:lang="zh-CN">点??站LOGO?要移?的?面URL。</description>
            <description xml:lang="en">Please input the URL to redirect when user clicks the logo</description>
						<description xml:lang="ge">Bitte geben Sie die URL umzuleiten, wenn Benutzer klickt das Logo</description>
						<description xml:lang="ru">Пожалуйста, введите URL для перенаправления, когда пользователь нажимает логотип</description>
            <description xml:lang="es">Ingresar el URL de la pagina web para redireccionar al pulsar el logotipo</description>
        </var>
				<var name="widget_width" type="text">
            <title xml:lang="ko">위젯 너비</title>
            <title xml:lang="jp">Widget width</title>
            <title xml:lang="zh-CN">Widget width</title>
            <title xml:lang="en">Widget width</title>
            <title xml:lang="es">Widget width</title>
            <description xml:lang="ko">본문 너비 = 940 - (위젯 너비) - (본문 여백) || 비워두면 위젯이 보이지 않습니다. 예) 250</description>
            <description xml:lang="jp">Content width = 940 - (widget width) - (Content margin) || Widget is hidden if input nothing. eg) 250</description>
            <description xml:lang="zh-CN">Content width = 940 - (widget width) - (Content margin) || Widget is hidden if input nothing. eg) 250</description>
            <description xml:lang="en">Content width = 940 - (widget width) - (Content margin) || Widget is hidden if input nothing. eg) 250</description>
						<description xml:lang="ge">Content width = 940 - (widget width) - (Content margin) || Widget is hidden if input nothing. eg) 250</description>
						<description xml:lang="ru">Content width = 940 - (widget width) - (Content margin) || Widget is hidden if input nothing. eg) 250</description>
            <description xml:lang="es">Content width = 940 - (widget width) - (Content margin) || Widget is hidden if input nothing. eg) 250</description>
        </var>
				<var name="content_margin" type="text">
            <title xml:lang="ko">본문 여백</title>
            <title xml:lang="jp">Content margin</title>
            <title xml:lang="zh-CN">Content margin</title>
            <title xml:lang="en">Content margin</title>
            <title xml:lang="es">Content margin</title>
            <description xml:lang="ko">페이지를 사용하면 공란을, 게시판을 사용하면 적당한 여백을 주세요. 예) 15</description>
            <description xml:lang="jp">Pages -> blank, Boards -> input margin. eg) 15</description>
            <description xml:lang="zh-CN">Pages -> blank, Boards -> input margin. eg) 15</description>
            <description xml:lang="en">Pages -> blank, Boards -> input margin. eg) 15</description>
						<description xml:lang="ge">Pages -> blank, Boards -> input margin. eg) 15</description>
						<description xml:lang="ru">Pages -> blank, Boards -> input margin. eg) 15</description>
            <description xml:lang="es">Pages -> blank, Boards -> input margin. eg) 15</description>
        </var>
				<var name="category_view" type="select">
            <title xml:lang="ko">카테고리</title>
            <title xml:lang="jp">Category</title>
            <title xml:lang="zh-CN">Category</title>
            <title xml:lang="en">Category</title>
            <title xml:lang="es">Category</title>
            <options name="default">
                <title xml:lang="ko">보임 (default)</title>
                <title xml:lang="jp">View (default)</title>
                <title xml:lang="en">View (default)</title>
                <title xml:lang="es">View (default)</title>
                <title xml:lang="zh-CN">View (default)</title>
                <value>default</value>
            </options>
            <options name="hidden">
                <title xml:lang="ko">숨김</title>
                <title xml:lang="jp">Hidden</title>
                <title xml:lang="en">Hidden</title>
                <title xml:lang="es">Hidden</title>
                <title xml:lang="zh-CN">Hidden</title>
                <value>hidden</value>
            </options>
        </var>
        <var name="notice" type="text">
            <title xml:lang="ko">공지사항</title>
            <title xml:lang="jp">Notice</title>
            <title xml:lang="zh-CN">Notice</title>
            <title xml:lang="en">Notice</title>
						<title xml:lang="ge">Notice</title>
						<title xml:lang="ru">Notice</title>
            <title xml:lang="es">Notice</title>
        </var>
        <var name="notice_url" type="text">
            <title xml:lang="ko">공지사항 링크</title>
            <title xml:lang="jp">Notice URL</title>
            <title xml:lang="zh-CN">Notice URL</title>
            <title xml:lang="en">Notice URL</title>
						<title xml:lang="ge">Notice URL</title>
						<title xml:lang="ru">Notice URL</title>
            <title xml:lang="es">Notice URL</title>
        </var>
        <var name="wdget_var_1_title" type="text">
            <title xml:lang="ko">위젯 태그 1 제목</title>
            <title xml:lang="jp">Widget tag 1 title</title>
            <title xml:lang="zh-CN">Widget tag 1 title</title>
            <title xml:lang="en">Widget tag 1 title</title>
						<title xml:lang="ru">Widget tag 1 title</title>
            <title xml:lang="es">Widget tag 1 title</title>
        </var>
        <var name="wdget_var_1" type="text">
            <title xml:lang="ko">위젯 태그 1</title>
            <title xml:lang="jp">Widget tag 1</title>
            <title xml:lang="zh-CN">Widget tag 1</title>
            <title xml:lang="en">Widget tag 1</title>
						<title xml:lang="ru">Widget tag 1</title>
            <title xml:lang="es">Widget tag 1</title>
        </var>
        <var name="wdget_var_2_title" type="text">
            <title xml:lang="ko">위젯 태그 2 제목</title>
            <title xml:lang="jp">Widget tag 2 title</title>
            <title xml:lang="zh-CN">Widget tag 2 title</title>
            <title xml:lang="en">Widget tag 2 title</title>
						<title xml:lang="ru">Widget tag 2 title</title>
            <title xml:lang="es">Widget tag 2 title</title>
        </var>
        <var name="wdget_var_2" type="text">
            <title xml:lang="ko">위젯 태그 2</title>
            <title xml:lang="jp">Widget tag 2</title>
            <title xml:lang="zh-CN">Widget tag 2</title>
            <title xml:lang="en">Widget tag 2</title>
						<title xml:lang="ru">Widget tag 2</title>
            <title xml:lang="es">Widget tag 2</title>
        </var>
        <var name="wdget_var_3_title" type="text">
            <title xml:lang="ko">위젯 태그 3 제목</title>
            <title xml:lang="jp">Widget tag 3 title</title>
            <title xml:lang="zh-CN">Widget tag 3 title</title>
            <title xml:lang="en">Widget tag 3 title</title>
						<title xml:lang="ru">Widget tag 3 title</title>
            <title xml:lang="es">Widget tag 3 title</title>
        </var>
        <var name="wdget_var_3" type="text">
            <title xml:lang="ko">위젯 태그 3</title>
            <title xml:lang="jp">Widget tag 3</title>
            <title xml:lang="zh-CN">Widget tag 3</title>
            <title xml:lang="en">Widget tag 3</title>
						<title xml:lang="ru">Widget tag 3</title>
            <title xml:lang="es">Widget tag 3</title>
        </var>
        <var name="wdget_var_4_title" type="text">
            <title xml:lang="ko">위젯 태그 4 제목</title>
            <title xml:lang="jp">Widget tag 4 title</title>
            <title xml:lang="zh-CN">Widget tag 4 title</title>
            <title xml:lang="en">Widget tag 4 title</title>
						<title xml:lang="ru">Widget tag 4 title</title>
            <title xml:lang="es">Widget tag 4 title</title>
        </var>
        <var name="wdget_var_4" type="text">
            <title xml:lang="ko">위젯 태그 4</title>
            <title xml:lang="jp">Widget tag 4</title>
            <title xml:lang="zh-CN">Widget tag 4</title>
            <title xml:lang="en">Widget tag 4</title>
						<title xml:lang="ru">Widget tag 4</title>
            <title xml:lang="es">Widget tag 4</title>
        </var>
        <var name="wdget_var_5_title" type="text">
            <title xml:lang="ko">위젯 태그 5 제목</title>
            <title xml:lang="jp">Widget tag 5 title</title>
            <title xml:lang="zh-CN">Widget tag 5 title</title>
            <title xml:lang="en">Widget tag 5 title</title>
						<title xml:lang="ru">Widget tag 5 title</title>
            <title xml:lang="es">Widget tag 5 title</title>
        </var>
        <var name="wdget_var_5" type="text">
            <title xml:lang="ko">위젯 태그 5</title>
            <title xml:lang="jp">Widget tag 5</title>
            <title xml:lang="zh-CN">Widget tag 5</title>
            <title xml:lang="en">Widget tag 5</title>
						<title xml:lang="ru">Widget tag 5</title>
            <title xml:lang="es">Widget tag 5</title>
        </var>
				<var name="sitemap" type="select">
            <title xml:lang="ko">사이트 맵 노출</title>
            <title xml:lang="jp">Sitemap view</title>
            <title xml:lang="zh-CN">Sitemap view</title>
            <title xml:lang="en">Sitemap view</title>
            <title xml:lang="es">Sitemap view</title>
            <options name="default">
                <title xml:lang="ko">보임 (default)</title>
                <title xml:lang="jp">View (default)</title>
                <title xml:lang="en">View (default)</title>
                <title xml:lang="es">View (default)</title>
                <title xml:lang="zh-CN">View (default)</title>
                <value>default</value>
            </options>
            <options name="hide">
                <title xml:lang="ko">숨김</title>
                <title xml:lang="jp">Hide</title>
                <title xml:lang="en">Hide</title>
                <title xml:lang="es">Hide</title>
                <title xml:lang="zh-CN">Hide</title>
                <value>hide</value>
            </options>
        </var>
    </extra_vars>
    <menus>
        <menu name="main_menu" default="true">
            <title xml:lang="ko">상단 메뉴</title>
            <title xml:lang="jp">上段メニュ?</title>
            <title xml:lang="zh-CN">主菜?</title>
            <title xml:lang="en">Top menu</title>
						<title xml:lang="ge">Top Menu</title>
						<title xml:lang="ru">Верхнее меню</title>
            <title xml:lang="es">Menu Principal</title>
            <maxdepth>3</maxdepth>
        </menu>
        <menu name="bottom_menu">
            <title xml:lang="ko">하단 메뉴 </title>
            <title xml:lang="jp">下段メニュ?</title>
            <title xml:lang="zh-CN">底部菜?</title>
            <title xml:lang="en">Bottom menu</title>
						<title xml:lang="ge">Bottom-Menu</title>
						<title xml:lang="ru">Внизу меню</title>
            <title xml:lang="es">Menu Inferior </title>
            <maxdepth>1</maxdepth>
        </menu>
    </menus>
</layout>
